date,name,law,url,source,retrieved_at,confidence
2000-01-01,Confraternizacao Universal (Ano Novo),Lei 662/1949,https://www.planalto.gov.br/ccivil_03/leis/l0662.htm,Lei 662/1949,2026-09-05,A
2000-05-01,Dia Mundial do Trabalho,Lei 662/1949,https://www.planalto.gov.br/ccivil_03/leis/l0662.htm,Lei 662/1949,2026-09-05,A
2000-09-07,Independencia do Brasil,Lei 662/1949,https://www.planalto.gov.br/ccivil_03/leis/l0662.htm,Lei 662/1949,2026-09-05,A
2000-11-15,Proclamacao da Republica,Lei 662/1949,https://www.planalto.gov.br/ccivil_03/leis/l0662.htm,Lei 662/1949,2026-09-05,A
2000-12-25,Natal,Lei 662/1949,https://www.planalto.gov.br/ccivil_03/leis/l0662.htm,Lei 662/1949,2026-09-05,A
2001-01-01,Confraternizacao Universal (Ano Novo),Lei 662/1949,https://www.planalto.gov.br/ccivil_03/leis/l0662.htm,Lei 662/1949,2026-09-05,A
2001-05-01,Dia Mundial do Trabalho,Lei 662/1949,https://www.planalto.gov.br/ccivil_03/leis/l0662.htm,Lei 662/1949,2026-09-05,A
2001-09-07,Independencia do Brasil,Lei 662/1949,https://www.planalto.gov.br/ccivil_03/leis/l0662.htm,Lei 662/1949,2026-09-05,A
2001-11-15,Proclamacao da Republica,Lei 662/1949,https://www.planalto.gov.br/ccivil_03/leis/l0662.htm,Lei 662/1949,2026-09-05,A
2001-12-25,Natal,Lei 662/1949,https://www.planalto.gov.br/ccivil_03/leis/l0662.htm,Lei 662/1949,2026-09-05,A
2002-01-01,Confraternizacao Universal (Ano Novo),Lei 662/1949,https://www.planalto.gov.br/ccivil_03/leis/l0662.htm,Lei 662/1949,2026-09-05,A
2002-05-01,Dia Mundial do Trabalho,Lei 662/1949,https://www.planalto.gov.br/ccivil_03/leis/l0662.htm,Lei 662/1949,2026-09-05,A
2002-09-07,Independencia do Brasil,Lei 662/1949,https://www.planalto.gov.br/ccivil_03/leis/l0662.htm,Lei 662/1949,2026-09-05,A
2002-11-15,Proclamacao da Republica,Lei 662/1949,https://www.planalto.gov.br/ccivil_03/leis/l0662.htm,Lei 662/1949,2026-09-05,A
2002-12-25,Natal,Lei 662/1949,https://www.planalto.gov.br/ccivil_03/leis/l0662.htm,Lei 662/1949,2026-09-05,A
2003-01-01,Confraternizacao Universal (Ano Novo),Lei 662/1949,https://www.planalto.gov.br/ccivil_03/leis/l0662.htm,Lei 662/1949,2026-09-05,A
2003-04-21,Tiradentes,"Lei 662/1949 (redacao dada pela Lei 10.607/2002, em vigor desde 2002-12-19)",https://www.planalto.gov.br/ccivil_03/leis/l0662.htm,Lei 10.607/2002,2026-09-05,A
2003-05-01,Dia Mundial do Trabalho,Lei 662/1949,https://www.planalto.gov.br/ccivil_03/leis/l0662.htm,Lei 662/1949,2026-09-05,A
2003-09-07,Independencia do Brasil,Lei 662/1949,https://www.planalto.gov.br/ccivil_03/leis/l0662.htm,Lei 662/1949,2026-09-05,A
2003-11-02,Finados,"Lei 662/1949 (redacao dada pela Lei 10.607/2002, em vigor desde 2002-12-19)",https://www.planalto.gov.br/ccivil_03/leis/l0662.htm,Lei 10.607/2002,2026-09-05,A
2003-11-15,Proclamacao da Republica,Lei 662/1949,https://www.planalto.gov.br/ccivil_03/leis/l0662.htm,Lei 662/1949,2026-09-05,A
2003-12-25,Natal,Lei 662/1949,https://www.planalto.gov.br/ccivil_03/leis/l0662.htm,Lei 662/1949,2026-09-05,A
2004-01-01,Confraternizacao Universal (Ano Novo),Lei 662/1949,https://www.planalto.gov.br/ccivil_03/leis/l0662.htm,Lei 662/1949,2026-09-05,A
2004-04-21,Tiradentes,"Lei 662/1949 (redacao dada pela Lei 10.607/2002, em vigor desde 2002-12-19)",https://www.planalto.gov.br/ccivil_03/leis/l0662.htm,Lei 10.607/2002,2026-09-05,A
2004-05-01,Dia Mundial do Trabalho,Lei 662/1949,https://www.planalto.gov.br/ccivil_03/leis/l0662.htm,Lei 662/1949,2026-09-05,A
2004-09-07,Independencia do Brasil,Lei 662/1949,https://www.planalto.gov.br/ccivil_03/leis/l0662.htm,Lei 662/1949,2026-09-05,A
2004-11-02,Finados,"Lei 662/1949 (redacao dada pela Lei 10.607/2002, em vigor desde 2002-12-19)",https://www.planalto.gov.br/ccivil_03/leis/l0662.htm,Lei 10.607/2002,2026-09-05,A
2004-11-15,Proclamacao da Republica,Lei 662/1949,https://www.planalto.gov.br/ccivil_03/leis/l0662.htm,Lei 662/1949,2026-09-05,A
2004-12-25,Natal,Lei 662/1949,https://www.planalto.gov.br/ccivil_03/leis/l0662.htm,Lei 662/1949,2026-09-05,A
2005-01-01,Confraternizacao Universal (Ano Novo),Lei 662/1949,https://www.planalto.gov.br/ccivil_03/leis/l0662.htm,Lei 662/1949,2026-09-05,A
2005-04-21,Tiradentes,"Lei 662/1949 (redacao dada pela Lei 10.607/2002, em vigor desde 2002-12-19)",https://www.planalto.gov.br/ccivil_03/leis/l0662.htm,Lei 10.607/2002,2026-09-05,A
2005-05-01,Dia Mundial do Trabalho,Lei 662/1949,https://www.planalto.gov.br/ccivil_03/leis/l0662.htm,Lei 662/1949,2026-09-05,A
2005-09-07,Independencia do Brasil,Lei 662/1949,https://www.planalto.gov.br/ccivil_03/leis/l0662.htm,Lei 662/1949,2026-09-05,A
2005-11-02,Finados,"Lei 662/1949 (redacao dada pela Lei 10.607/2002, em vigor desde 2002-12-19)",https://www.planalto.gov.br/ccivil_03/leis/l0662.htm,Lei 10.607/2002,2026-09-05,A
2005-11-15,Proclamacao da Republica,Lei 662/1949,https://www.planalto.gov.br/ccivil_03/leis/l0662.htm,Lei 662/1949,2026-09-05,A
2005-12-25,Natal,Lei 662/1949,https://www.planalto.gov.br/ccivil_03/leis/l0662.htm,Lei 662/1949,2026-09-05,A
2006-01-01,Confraternizacao Universal (Ano Novo),Lei 662/1949,https://www.planalto.gov.br/ccivil_03/leis/l0662.htm,Lei 662/1949,2026-09-05,A
2006-04-21,Tiradentes,"Lei 662/1949 (redacao dada pela Lei 10.607/2002, em vigor desde 2002-12-19)",https://www.planalto.gov.br/ccivil_03/leis/l0662.htm,Lei 10.607/2002,2026-09-05,A
2006-05-01,Dia Mundial do Trabalho,Lei 662/1949,https://www.planalto.gov.br/ccivil_03/leis/l0662.htm,Lei 662/1949,2026-09-05,A
2006-09-07,Independencia do Brasil,Lei 662/1949,https://www.planalto.gov.br/ccivil_03/leis/l0662.htm,Lei 662/1949,2026-09-05,A
2006-11-02,Finados,"Lei 662/1949 (redacao dada pela Lei 10.607/2002, em vigor desde 2002-12-19)",https://www.planalto.gov.br/ccivil_03/leis/l0662.htm,Lei 10.607/2002,2026-09-05,A
2006-11-15,Proclamacao da Republica,Lei 662/1949,https://www.planalto.gov.br/ccivil_03/leis/l0662.htm,Lei 662/1949,2026-09-05,A
2006-12-25,Natal,Lei 662/1949,https://www.planalto.gov.br/ccivil_03/leis/l0662.htm,Lei 662/1949,2026-09-05,A
2007-01-01,Confraternizacao Universal (Ano Novo),Lei 662/1949,https://www.planalto.gov.br/ccivil_03/leis/l0662.htm,Lei 662/1949,2026-09-05,A
2007-04-21,Tiradentes,"Lei 662/1949 (redacao dada pela Lei 10.607/2002, em vigor desde 2002-12-19)",https://www.planalto.gov.br/ccivil_03/leis/l0662.htm,Lei 10.607/2002,2026-09-05,A
2007-05-01,Dia Mundial do Trabalho,Lei 662/1949,https://www.planalto.gov.br/ccivil_03/leis/l0662.htm,Lei 662/1949,2026-09-05,A
2007-09-07,Independencia do Brasil,Lei 662/1949,https://www.planalto.gov.br/ccivil_03/leis/l0662.htm,Lei 662/1949,2026-09-05,A
2007-11-02,Finados,"Lei 662/1949 (redacao dada pela Lei 10.607/2002, em vigor desde 2002-12-19)",https://www.planalto.gov.br/ccivil_03/leis/l0662.htm,Lei 10.607/2002,2026-09-05,A
2007-11-15,Proclamacao da Republica,Lei 662/1949,https://www.planalto.gov.br/ccivil_03/leis/l0662.htm,Lei 662/1949,2026-09-05,A
2007-12-25,Natal,Lei 662/1949,https://www.planalto.gov.br/ccivil_03/leis/l0662.htm,Lei 662/1949,2026-09-05,A
2008-01-01,Confraternizacao Universal (Ano Novo),Lei 662/1949,https://www.planalto.gov.br/ccivil_03/leis/l0662.htm,Lei 662/1949,2026-09-05,A
2008-04-21,Tiradentes,"Lei 662/1949 (redacao dada pela Lei 10.607/2002, em vigor desde 2002-12-19)",https://www.planalto.gov.br/ccivil_03/leis/l0662.htm,Lei 10.607/2002,2026-09-05,A
2008-05-01,Dia Mundial do Trabalho,Lei 662/1949,https://www.planalto.gov.br/ccivil_03/leis/l0662.htm,Lei 662/1949,2026-09-05,A
2008-09-07,Independencia do Brasil,Lei 662/1949,https://www.planalto.gov.br/ccivil_03/leis/l0662.htm,Lei 662/1949,2026-09-05,A
2008-11-02,Finados,"Lei 662/1949 (redacao dada pela Lei 10.607/2002, em vigor desde 2002-12-19)",https://www.planalto.gov.br/ccivil_03/leis/l0662.htm,Lei 10.607/2002,2026-09-05,A
2008-11-15,Proclamacao da Republica,Lei 662/1949,https://www.planalto.gov.br/ccivil_03/leis/l0662.htm,Lei 662/1949,2026-09-05,A
2008-12-25,Natal,Lei 662/1949,https://www.planalto.gov.br/ccivil_03/leis/l0662.htm,Lei 662/1949,2026-09-05,A
2009-01-01,Confraternizacao Universal (Ano Novo),Lei 662/1949,https://www.planalto.gov.br/ccivil_03/leis/l0662.htm,Lei 662/1949,2026-09-05,A
2009-04-21,Tiradentes,"Lei 662/1949 (redacao dada pela Lei 10.607/2002, em vigor desde 2002-12-19)",https://www.planalto.gov.br/ccivil_03/leis/l0662.htm,Lei 10.607/2002,2026-09-05,A
2009-05-01,Dia Mundial do Trabalho,Lei 662/1949,https://www.planalto.gov.br/ccivil_03/leis/l0662.htm,Lei 662/1949,2026-09-05,A
2009-09-07,Independencia do Brasil,Lei 662/1949,https://www.planalto.gov.br/ccivil_03/leis/l0662.htm,Lei 662/1949,2026-09-05,A
2009-11-02,Finados,"Lei 662/1949 (redacao dada pela Lei 10.607/2002, em vigor desde 2002-12-19)",https://www.planalto.gov.br/ccivil_03/leis/l0662.htm,Lei 10.607/2002,2026-09-05,A
2009-11-15,Proclamacao da Republica,Lei 662/1949,https://www.planalto.gov.br/ccivil_03/leis/l0662.htm,Lei 662/1949,2026-09-05,A
2009-12-25,Natal,Lei 662/1949,https://www.planalto.gov.br/ccivil_03/leis/l0662.htm,Lei 662/1949,2026-09-05,A
2010-01-01,Confraternizacao Universal (Ano Novo),Lei 662/1949,https://www.planalto.gov.br/ccivil_03/leis/l0662.htm,Lei 662/1949,2026-09-05,A
2010-04-21,Tiradentes,"Lei 662/1949 (redacao dada pela Lei 10.607/2002, em vigor desde 2002-12-19)",https://www.planalto.gov.br/ccivil_03/leis/l0662.htm,Lei 10.607/2002,2026-09-05,A
2010-05-01,Dia Mundial do Trabalho,Lei 662/1949,https://www.planalto.gov.br/ccivil_03/leis/l0662.htm,Lei 662/1949,2026-09-05,A
2010-09-07,Independencia do Brasil,Lei 662/1949,https://www.planalto.gov.br/ccivil_03/leis/l0662.htm,Lei 662/1949,2026-09-05,A
2010-11-02,Finados,"Lei 662/1949 (redacao dada pela Lei 10.607/2002, em vigor desde 2002-12-19)",https://www.planalto.gov.br/ccivil_03/leis/l0662.htm,Lei 10.607/2002,2026-09-05,A
2010-11-15,Proclamacao da Republica,Lei 662/1949,https://www.planalto.gov.br/ccivil_03/leis/l0662.htm,Lei 662/1949,2026-09-05,A
2010-12-25,Natal,Lei 662/1949,https://www.planalto.gov.br/ccivil_03/leis/l0662.htm,Lei 662/1949,2026-09-05,A
2011-01-01,Confraternizacao Universal (Ano Novo),Lei 662/1949,https://www.planalto.gov.br/ccivil_03/leis/l0662.htm,Lei 662/1949,2026-09-05,A
2011-04-21,Tiradentes,"Lei 662/1949 (redacao dada pela Lei 10.607/2002, em vigor desde 2002-12-19)",https://www.planalto.gov.br/ccivil_03/leis/l0662.htm,Lei 10.607/2002,2026-09-05,A
2011-05-01,Dia Mundial do Trabalho,Lei 662/1949,https://www.planalto.gov.br/ccivil_03/leis/l0662.htm,Lei 662/1949,2026-09-05,A
2011-09-07,Independencia do Brasil,Lei 662/1949,https://www.planalto.gov.br/ccivil_03/leis/l0662.htm,Lei 662/1949,2026-09-05,A
2011-11-02,Finados,"Lei 662/1949 (redacao dada pela Lei 10.607/2002, em vigor desde 2002-12-19)",https://www.planalto.gov.br/ccivil_03/leis/l0662.htm,Lei 10.607/2002,2026-09-05,A
2011-11-15,Proclamacao da Republica,Lei 662/1949,https://www.planalto.gov.br/ccivil_03/leis/l0662.htm,Lei 662/1949,2026-09-05,A
2011-12-25,Natal,Lei 662/1949,https://www.planalto.gov.br/ccivil_03/leis/l0662.htm,Lei 662/1949,2026-09-05,A
2012-01-01,Confraternizacao Universal (Ano Novo),Lei 662/1949,https://www.planalto.gov.br/ccivil_03/leis/l0662.htm,Lei 662/1949,2026-09-05,A
2012-04-21,Tiradentes,"Lei 662/1949 (redacao dada pela Lei 10.607/2002, em vigor desde 2002-12-19)",https://www.planalto.gov.br/ccivil_03/leis/l0662.htm,Lei 10.607/2002,2026-09-05,A
2012-05-01,Dia Mundial do Trabalho,Lei 662/1949,https://www.planalto.gov.br/ccivil_03/leis/l0662.htm,Lei 662/1949,2026-09-05,A
2012-09-07,Independencia do Brasil,Lei 662/1949,https://www.planalto.gov.br/ccivil_03/leis/l0662.htm,Lei 662/1949,2026-09-05,A
2012-11-02,Finados,"Lei 662/1949 (redacao dada pela Lei 10.607/2002, em vigor desde 2002-12-19)",https://www.planalto.gov.br/ccivil_03/leis/l0662.htm,Lei 10.607/2002,2026-09-05,A
2012-11-15,Proclamacao da Republica,Lei 662/1949,https://www.planalto.gov.br/ccivil_03/leis/l0662.htm,Lei 662/1949,2026-09-05,A
2012-12-25,Natal,Lei 662/1949,https://www.planalto.gov.br/ccivil_03/leis/l0662.htm,Lei 662/1949,2026-09-05,A
2013-01-01,Confraternizacao Universal (Ano Novo),Lei 662/1949,https://www.planalto.gov.br/ccivil_03/leis/l0662.htm,Lei 662/1949,2026-09-05,A
2013-04-21,Tiradentes,"Lei 662/1949 (redacao dada pela Lei 10.607/2002, em vigor desde 2002-12-19)",https://www.planalto.gov.br/ccivil_03/leis/l0662.htm,Lei 10.607/2002,2026-09-05,A
2013-05-01,Dia Mundial do Trabalho,Lei 662/1949,https://www.planalto.gov.br/ccivil_03/leis/l0662.htm,Lei 662/1949,2026-09-05,A
2013-09-07,Independencia do Brasil,Lei 662/1949,https://www.planalto.gov.br/ccivil_03/leis/l0662.htm,Lei 662/1949,2026-09-05,A
2013-11-02,Finados,"Lei 662/1949 (redacao dada pela Lei 10.607/2002, em vigor desde 2002-12-19)",https://www.planalto.gov.br/ccivil_03/leis/l0662.htm,Lei 10.607/2002,2026-09-05,A
2013-11-15,Proclamacao da Republica,Lei 662/1949,https://www.planalto.gov.br/ccivil_03/leis/l0662.htm,Lei 662/1949,2026-09-05,A
2013-12-25,Natal,Lei 662/1949,https://www.planalto.gov.br/ccivil_03/leis/l0662.htm,Lei 662/1949,2026-09-05,A
